{
    "lives": 3,
    "score": 290,
    "pos": {
        "x": 7.501018524169922,
        "y": 12.498571395874024,
        "z": -5.0
    },
    "rotationAngle": {
        "x": 0.0,
        "y": 1.0
    }
}